MARCA;CODIGO;DESCRIPCION;CANTIDAD;MINIMO;UBICACIÓN;SERIAL;PRECIO_COSTO;PRECIO_DIST;PRECIO_INT;PRECIO_GENERAL;IMAGEN;;;;;;;;;;;;
ABB;1SL0201A00;ABB - Gabinete 300x250x180mm en plástico;;;;;74.38;111.57;130.16;148.76;;;;;;;;;;;;;
ABB;1SL0204A00;ABB - Gabinete 700x590x260mm en plastico;;;;;142.09;213.14;248.66;284.18;;;;;;;;;;;;;
ABB;1SL0203A00;ABB - Gabinete 700x450x300mm en plastico;;;;;104.81;157.22;183.42;209.62;;;;;;;;;;;;;
ABB;1SL0202A00;ABB - Gabinete 450x375x230mm en plastico;;;;;95.53;143.29;167.17;191.06;;;;;;;;;;;;;
ABB;1SAZ811201R1003;ABB - Rele termico para contactores de 30..40A 690VAC serie TF65-40;;;;;40.20;60.30;70.35;80.40;;;;;;;;;;;;;
ABB;1SAM250000R1010;ABB - Guardamotor de 6.3...10A serie MS116-10;;;;;28.50;42.75;49.87;57.00;;;;;;;;;;;;;
ABB;1SAM250000R1009;ABB - Guardamotor de 4...6.3A serie MS116-6.3;;;;;23.85;35.78;41.74;47.70;;;;;;;;;;;;;
ABB;1SAZ721201R1047;ABB - Rele termico para contactores de 13..16A 690VAC serie TF42-16;;;;;22.39;33.59;39.19;44.78;;;;;;;;;;;;;
ABB;1SAM250000R1007;ABB - Guardamotor de 1.6..2.5A serie MS116-2.5;;;;;24.21;36.31;42.36;48.42;;;;;;;;;;;;;
ABB;1SBL177001R1310;ABB - Contactor 18A Bobina 110V 1NO Serie AF16-30;;;;;24.18;36.27;42.31;48.36;;;;;;;;;;;;;
ABB;1SAM250000R1006;ABB - Guardamotor de 1..1.6A Serie MS116-1.6;;;;;24.21;36.31;42.36;48.42;;;;;;;;;;;;;
ABB;1SAM250000R1002;ABB - Guardamotor de 0.16..0.25A serie MS116-0.25;;;;;19.43;29.15;34.00;38.86;;;;;;;;;;;;;
ABB;1SBL137001R1310;ABB - Contactor 9A Bobina 120V 1NO Serie AF09-30;;;;;17.23;25.84;30.15;34.46;;;;;;;;;;;;;
ABB;1SBN010120T1011;ABB - Contacto auxiliar 1NC-1NO Serie CAL4-11-T;;;;;4.55;6.83;7.97;9.10;;;;;;;;;;;;;
ABB;1SBN010140R1104;ABB - Contacto auxiliar 4NC Serie CA4-04M;;;;;7.55;11.32;13.21;15.10;;;;;;;;;;;;;
ABB;1SVR550217R4100;ABB - Rele electronico - temporizador serie CT-SDE;;;;;45.80;68.70;80.15;91.60;;;;;;;;;;;;;
ABB;2CDS200946R0001;ABB - Contacto auxiliar para mini interruptor 1CO Serie SC2-H6-11R;;;;;29.38;43.98;51.36;58.76;;;;;;;;;;;;;
ABB;1SFN010720R1011;ABB - Contacto auxiliar 1NC-1NO Serie CAL18-11;;;;;14.26;21.39;24.96;28.92;;;;;;;;;;;;;
ABB;1SBN010020R1011;ABB - Contacto auxiliar 1NC-1NO Serie CAL5-11;;;;;8.61;12.92;15.07;17.22;;;;;;;;;;;;;
ABB;2CDS251001R0044;ABB - Interruptor min din 4A 1P serie S200-C;;;;;6.14;9.21;10.74;12.28;;;;;;;;;;;;;
ABB;2CDS251001R0104;ABB - Interruptor min din 10A 1P serie S200-C;;;;;5.49;8.23;9.60;10.98;;;;;;;;;;;;;
ABB;2CDS251001R0254;ABB - Interruptor min din 25A 1P serie S200-C;;;;;5.49;8.23;9.60;10.98;;;;;;;;;;;;;
ABB;2CDS251001R0064;ABB - Interruptor min din 6A 1P serie S200-C;;;;;5.49;8.23;9.60;10.98;;;;;;;;;;;;;
ABB;2CDS251001R0404;ABB - Interruptor min din 40A 1P serie S200-C;;;;;6.59;9.88;11.53;13.18;;;;;;;;;;;;;
ABB;2CDS251001R0024;ABB - Interruptor min din 2A 1P serie S200-C;;;;;5.49;8.23;9.60;10.98;;;;;;;;;;;;;
ABB;2CDS251001R0204;ABB - Interruptor min din 20A 1P serie S200-C;;;;;6.04;9.06;10.57;12.08;;;;;;;;;;;;;
ABB;2CDS251001R0164;ABB - Interruptor min din 16A 1P serie S200-C;;;;;5.23;7.90;9.15;10.46;;;;;;;;;;;;;
ABB;2CDS252001R0044;ABB - Interruptor min din 4A 2P serie S200-C;;;;;11.92;17.88;20.86;23.84;;;;;;;;;;;;;
ABB;2CDS252001R0634;ABB - Interruptor min din 63A 2P serie S200-C;;;;;13.05;19.57;22.83;26.10;;;;;;;;;;;;;
ABB;2CDS252001R0164;ABB - Interruptor min din 16A 2P serie S200-C;;;;;9.60;14.40;16.80;19.20;;;;;;;;;;;;;
ABB;2CDS252001R0504;ABB - Interruptor min din 50A 2P serie S200-C;;;;;13.05;19.57;22.83;26.10;;;;;;;;;;;;;
ABB;2CDS252001R0104;ABB - Interruptor min din 10A 2P serie S200-C;;;;;9.60;14.40;16.80;19.20;;;;;;;;;;;;;
ABB;2CDS252001R0404;ABB - Interruptor min din 40A 2P serie S200-C;;;;;12.19;18.29;21.33;24.38;;;;;;;;;;;;;
ABB;2CDS252001R0324;ABB - Interruptor min din 32A 2P serie S200-C;;;;;9.60;14.40;16.80;19.20;;;;;;;;;;;;;
ABB;2CDS252001R0254;ABB - Interruptor min din 25A 2P serie S200-C;;;;;9.60;14.40;16.80;19.20;;;;;;;;;;;;;
ABB;2CDS252001R0204;ABB - Interruptor min din 20A 2P serie S200-C;;;;;9.60;14.40;16.80;19.20;;;;;;;;;;;;;
ABB;2CDS252001R0024;ABB - Interruptor min din 2A 2P serie S200-C;;;;;11.92;17.88;20.86;23.84;;;;;;;;;;;;;
ABB;2CDS253001R0104;ABB - Interruptor min din 10A 3P serie S200-C;;;;;13.50;20.25;23.62;27.00;;;;;;;;;;;;;
ABB;2CDS253001R0404;ABB - Interruptor min din 40A 3P serie S200-C;;;;;18.83;28.24;32.95;37.66;;;;;;;;;;;;;
ABB;2CDS253001R0324;ABB - Interruptor min din 32A 3P serie S200-C;;;;;13.50;20.25;23.62;27.00;;;;;;;;;;;;;
ABB;2CDS253001R0204;ABB - Interruptor min din 20A 3P serie S200-C;;;;;13.50;20.25;23.62;27.00;;;;;;;;;;;;;
ABB;2CDS253001R0064;ABB - Interruptor min din 6A 3P serie S200-C;;;;;19.88;29.82;34.79;39.76;;;;;;;;;;;;;
ABB;2CDS253001R0504;ABB - Interruptor min din 50A 3P serie S200-C;;;;;18.83;28.24;32.95;37.66;;;;;;;;;;;;;
ABB;2CDS253001R0044;ABB - Interruptor min din 4A 3P serie S200-C;;;;;19.88;29.82;34.79;39.76;;;;;;;;;;;;;
ABB;2CDS253001R0804;ABB - Interruptor min din 80A 3P serie S200-C;;;;;72.97;109.45;127.69;145.94;;;;;;;;;;;;;
ABB;2CSF202005R0160;ABB - Interruptor min din 16A 1P+N dif 10mA serie F202 AC;;;;;66.54;99.81;116.45;133.08;;;;;;;;;;;;;
ABB;2CSF202005R1250;ABB - Interruptor min din 25A 1P+N dif 30mA serie F202 AC;;;;;42.21;63.31;73.86;84.42;;;;;;;;;;;;;
ABB;2CSF204005R3400;ABB - Interruptor min din 40A 3P+N dif 300mA serie F202 AC;;;;;77.04;115.56;134.82;154.08;;;;;;;;;;;;;
ABB;2CDS253001R0634;ABB - Interruptor min din 63A 3P serie S200-C;;;;;18.83;28.24;32.95;37.66;;;;;;;;;;;;;
ABB;2TLA010026R0000;ABB - Rele de seguridad serie RT6 24VDC;;;;;516.12;774.18;903.21;1032.24;;;;;;;;;;;;;
ABB;1SL0221A00;ABB - Gabinete 400x355x210mm en plastico;;;;;47.97;71.95;83.94;95.94;;;;;;;;;;;;;
ABB;2CDS253001R0254;ABB - Interruptor min din 25A 3P serie S200-C;;;;;13.50;20.25;23.62;27.00;;;;;;;;;;;;;
ABB;1SFL547002R1311;ABB - Contactor 265A 440V 1NO-1NC Serie AF265-30;;;;;373.48;560.22;653.49;746.96;;;;;;;;;;;;;
ABB;1SFL427001R1311;ABB - Contactor 116A Bobina 110V 1NO-1NC Serie AF116-30;;;;;181.77;272.66;318.10;363.54;;;;;;;;;;;;;
ABB;1SDA066817R1;ABB - Interruptor caja moldeada 56..80A 4P Serie XT1;;;;;51.05;76.57;89.33;102.10;;;;;;;;;;;;;
ABB;1SDA066479R1;ABB - Mando rotatorio para Serie XT1-XT3;;;;;29.77;44.65;52.09;59.54;;;;;;;;;;;;;
ABB;1SDA067161R1;ABB - Kit de terminales 1x120..240mm2 con tapa serie XT1;;;;;66.79;100.18;116.88;133.58;;;;;;;;;;;;;
ABB;1SDA062115R1;ABB - Mando a motor (Gear Motor Device) 110..130V AC/DC Serie T7;;;;;538.90;808.35;943.07;1077.80;;;;;;;;;;;;;
ABB;2CSF204005R1400;ABB - Interruptor min din 40A 3P+N dif 30mA serie F204 AC;;;;;89.29;133.93;156.25;178.58;;;;;;;;;;;;;
ABB;2CDS254001R0404;ABB - Interruptor min din 40A 4P serie S200-C;;;;;31.98;47.94;55.97;63.96;;;;;;;;;;;;;
ABB;2CDS253001R0164;ABB - Interruptor min din 16A 3P serie S200-C;;;;;13.50;20.25;23.62;27.00;;;;;;;;;;;;;
ABB;2CDS271347R0607;ABB - Interruptor min din 63A 1P Serie SU200MR-K;;;;;36.77;55.15;64.34;73.54;;;;;;;;;;;;;
ABB;2CDS274001R0324;ABB - Interruptor min din 32A 4P Serie S200M-C;;;;;41.75;62.62;73.06;83.50;;;;;;;;;;;;;
ABB;2CDS251001R0324;ABB - Interruptor min din 32A 1P serie S200-C;;;;;5.49;8.23;9.60;10.98;;;;;;;;;;;;;
ABB;2CSF204101R3950;ABB - Interruptor min din 125A 3P+N dif 300mA Serie F204;;;;;548.70;823.05;960.22;1097.40;;;;;;;;;;;;;
ABB;2CDS254001R0104;ABB - Interruptor min din 10A 4P Serie S200-C;;;;;21.43;32.15;37.51;42.86;;;;;;;;;;;;;
ABB;2CDS254001R0254;ABB - Interruptor min din 25A 4P Serie S200-C;;;;;22.50;33.75;39.37;45.00;;;;;;;;;;;;;
ABB;2CDS252001R0064;ABB - Interruptor min din 6A 2P Serie S200-C;;;;;11.92;17.88;20.86;23.84;;;;;;;;;;;;;
ABB;2CSF202005R3630;ABB - Interruptor min din 63A 1P+N dif 300mA Serie F202 AC;;;;;89.88;134.82;157.29;179.76;;;;;;;;;;;;;
ABB;1SDA063547R1;ABB - Bobina de apertura 120..127VAC/DC Serie T7;;;;;65.24;97.86;114.17;130.48;;;;;;;;;;;;;
ABB;1SDA066426R1;ABB - Contacto auxiliar 3CO 250VAC/DC Serie XT1;;;;;21.85;32.77;38.23;43.70;;;;;;;;;;;;;
ABB;1SDA051368R1;ABB - Contacto auxiliar 1NO-1NC Serie T1..T6;;;;;18.91;28.36;33.09;37.82;;;;;;;;;;;;;
ABB;1SDA073754R1;ABB - Contacto auxiliar 4CO 24VDC Serie E2.2..E6.2;;;;;95.16;142.74;166.53;190.32;;;;;;;;;;;;;
ABB;1SDA051369R1;ABB - Contacto auxiliar 3CO Serie T1..T6;;;;;37.88;56.82;66.29;75.76;;;;;;;;;;;;;
ABB;1SDA054917R1;ABB - Contacto señalizacion mando man-aut para MOE T4..T6;;;;;13.96;20.94;24.43;27.92;;;;;;;;;;;;;
ABB;1SDA066422R1;ABB - Contacto auxiliar 1CO 250VAC/DC Serie XT1..XT6;;;;;9.50;14.25;16.62;19.00;;;;;;;;;;;;;
ABB;1SDA066391R1;ABB - Bobina de bajo voltaje 110..127VAC/DC Serie XT1..XT4;;;;;20.27;30.41;35.47;40.54;;;;;;;;;;;;;
ABB;1SDA058260R1;ABB - Trip elect 1/4 PR121..123 Serie E1.6-T8;;;;;79.08;118.62;138.39;158.16;;;;;;;;;;;;;
ABB;1SDA068767R1;ABB - Interruptor caja moldeada 63A 2P Serie A1N;;;;;38.29;57.44;67.00;76.58;;;;;;;;;;;;;
ABB;1SDA066664R1;ABB - Cubre bornes altos 3P para Serie XT1;;;;;9.53;14.29;16.67;19.06;;;;;;;;;;;;;
ABB;1SDA066668R1;ABB - Cubre bornes altos 3P para interruptores Serie XT3 (2pcs);;;;;10.43;15.65;18.25;20.86;;;;;;;;;;;;;
ABB;1SDA066666R1;ABB - Cubre bornes altos 3P para interruptores Serie XT2 (2pcs);;;;;9.38;14.07;16.42;18.76;;;;;;;;;;;;;
ABB;1SBL347001R1311;ABB - Contactor 40A Bobina 110V 1NO-1NC Serie AF40-30;;;;;65.57;98.35;114.74;131.14;;;;;;;;;;;;;
ABB;1SBN010120R1011;ABB - Contacto auxiliar 1NC/1NO Serie CAL4-11;;;;;4.70;7.05;8.23;9.40;;;;;;;;;;;;;
ABB;1SBL137001R1110;ABB - Contactor 9A Bobina 24V 1NO Serie AF09-30;;;;;17.23;25.84;30.15;34.46;;;;;;;;;;;;;
ABB;1SDA055030R1;ABB - Kit de terminales 2x240mm2 Serie T5;;;;;104.63;156.94;183.10;209.26;;;;;;;;;;;;;
ABB;1SDA054990R1;ABB - Kit de terminales 2x150mm2 Serie T4;;;;;102.66;153.99;179.65;205.32;;;;;;;;;;;;;
ABB;1SDA060427R1;ABB - Kit de terminales traseros Serie T6;;;;;162.29;243.44;284.00;324.58;;;;;;;;;;;;;
ABB;1SAZ911201R1004;ABB - Rele termico para contactores de 65..78A 690VAC Serie TF96-78;;;;;62.47;93.70;109.32;124.94;;;;;;;;;;;;;
ABB;1SAZ431201R1002;ABB - Rele termico para contactores de 80..100A 690VAC Serie TF140DU-110;;;;;78.73;118.10;137.78;157.46;;;;;;;;;;;;;
ABB;1SDA063112R1;ABB - Kit de terminales 4x240mm2 Serie T7-T7M;;;;;96.80;145.20;169.40;193.60;;;;;;;;;;;;;
ABB;1SCA022776R7890;ABB - Cubre borne 1P para Serie OTS800G1L/3;;;;;22.84;34.26;39.97;45.68;;;;;;;;;;;;;
ABB;1SDA067189R1;ABB - Kit de terminales 2x35..120mm2 Serie XT3;;;;;74.76;112.14;130.83;149.52;;;;;;;;;;;;;
ABB;9T58K2804;ABB - Transformador de control 100VA Pri:240/480V Sec:120/240V;;;;;0.00;;;0.00;;;;;;;;;;;;;
ABB;2CDS200936R0001;ABB - Contacto auxiliar 1NC/1NO para mini interruptor Serie S2C-H;;;;;31.15;46.72;54.51;62.30;;;;;;;;;;;;;
ABB;2CSF202005R1800;ABB - Interruptor min din 80A 1P+N dif 30mA Serie F202;;;;;115.00;172.50;201.25;230.00;;;;;;;;;;;;;
ABB;2CDS271347R0487;ABB - Interruptor min din 20A 1P Serie SU201MR;;;;;20.80;31.20;36.40;41.60;;;;;;;;;;;;;
ABB;2CDS273347R0577;ABB - Interruptor min din 50A 3P Serie SU200MR;;;;;109.74;164.61;192.04;219.48;;;;;;;;;;;;;
ABB;2CDS273347R0557;ABB - Interruptor min din 40A 3P Serie SU200MR;;;;;26.74;40.11;46.80;53.48;;;;;;;;;;;;;
ABB;2CDS271347R0527;ABB - Interruptor min din 30A 1P Serie SU200MR;;;;;23.55;35.32;41.21;47.10;;;;;;;;;;;;;
ABB;2CDS273347R0467;ABB - Interruptor min din 16A 3P Serie SU200MR;;;;;72.82;109.23;127.43;145.64;;;;;;;;;;;;;
ABB;2CDS272347R0537;ABB - Interruptor min din 32A 2P Serie SU200MR;;;;;54.21;81.31;94.86;108.42;;;;;;;;;;;;;
ABB;2CDS271347R0537;ABB - Interruptor min din 32A 1P Serie SU200MR;;;;;23.55;35.32;41.21;47.10;;;;;;;;;;;;;
ABB;2CDS271347R0277;ABB - Interruptor min din 2A 1P Serie SU200MR;;;;;23.55;35.32;41.21;47.10;;;;;;;;;;;;;
ABB;2CDS271347R0457;ABB - Interruptor min din 15A 1P Serie SU200MR;;;;;20.80;31.20;36.40;41.60;;;;;;;;;;;;;
ABB;1SDA069730R1;ABB - Interruptor caja moldeada 100A 2P Serie A1A;;;;;49.49;74.24;86.61;98.98;;;;;;;;;;;;;
ABB;1SDA060268R1;ABB - Interruptor caja moldeada 800A 3P Serie T6N;;;;;1176.99;1765.49;2059.74;2353.98;;;;;;;;;;;;;
ABB;1SDA053997R1;ABB - Interruptor caja moldeada 100A 3P Serie T4N;;;;;417.15;625.73;730.01;834.30;;;;;;;;;;;;;
ABB;1SDA054325R1;ABB - Interruptor caja moldeada 400A 4P Serie T5N;;;;;477.22;715.73;835.01;954.44;;;;;;;;;;;;;
ABB;1SDA066803R1;ABB - Interruptor caja moldeada 28..40A 3P Serie XT1;;;;;35.11;52.67;61.44;70.22;;;;;;;;;;;;;
ABB;1SDA066809R1;ABB - Interruptor caja moldeada 112..160A 3P Serie XT1;;;;;77.01;115.51;134.76;154.02;;;;;;;;;;;;;
ABB;1SDA066806R1;ABB - Interruptor caja moldeada 56..80A 3P Serie XT1;;;;;39.26;58.89;68.70;78.52;;;;;;;;;;;;;
ABB;1SDA066807R1;ABB - Interruptor caja moldeada 70..100A 3P Serie XT1;;;;;38.68;58.02;67.69;77.36;;;;;;;;;;;;;
ABB;1SDA067058R1;ABB - Interruptor caja moldeada 160A 3P Serie XT2;;;;;130.53;195.80;228.43;261.06;;;;;;;;;;;;;
ABB;1SDA068058R1;ABB - Interruptor caja moldeada 200A 3P Serie XT3N;;;;;125.60;188.40;219.80;251.20;;;;;;;;;;;;;
ABB;1SDA062102R1;ABB - Contacto auxiliar 2CO 400VAC Serie T7-T7M;;;;;48.98;73.47;85.71;97.96;;;;;;;;;;;;;
ABB;1SCA022353R4970;ABB - Contacto auxiliar 1NO para OTM Serie OA1G10;;;;;6.16;9.24;10.78;12.32;;;;;;;;;;;;;
ABB;1SCA022436R7910;ABB - Contacto auxiliar 1NO para OTM Serie OA1G10;;;;;5.89;8.84;10.31;11.78;;;;;;;;;;;;;
ABB;1SDA062101R1;ABB - Contacto auxiliar 2CO 24VDC Serie T7-T7M;;;;;50.76;76.14;88.83;101.52;;;;;;;;;;;;;
ABB;1SDA038323R1;ABB - Motor 100..130VAC/DC Serie E.1-T8;;;;;799.11;1198.66;1398.44;1598.22;;;;;;;;;;;;;
ABB;1SAM201906R1115;ABB - Puente para guardamotor Serie MS116-MS132;;;;;11.59;17.38;20.28;23.18;;;;;;;;;;;;;
ABB;1SDA065971R1;ABB - Contacto auxiliar 4CO Serie T8;;;;;119.27;178.90;208.72;238.54;;;;;;;;;;;;;
ABB;1SDA067151R1;ABB - Kit de terminales 1x1.5..70mm2 Serie XT1;;;;;14.96;22.44;26.18;29.92;;;;;;;;;;;;;
ABB;1SDA066584R1;ABB - Kit de terminales 1x35..150mm2 Serie XT3 (6pcs);;;;;65.54;98.31;114.69;131.08;;;;;;;;;;;;;
ABB;1SDA013956R1;ABB - Kit de terminales 3x185mm2 Serie T6 (6pcs);;;;;139.35;209.03;243.86;278.70;;;;;;;;;;;;;
ABB;1SDA067422R1;ABB - Interruptor caja moldeada 44..63A 4P Serie XT1;;;;;98.43;147.64;172.25;196.86;;;;;;;;;;;;;
ABB;1SDA052046R1;ABB - Kit de terminales 2x240mm2 Serie T6;;;;;111.91;167.86;195.84;223.82;;;;;;;;;;;;;
ABB;1SDA066875R1;ABB - Kit de terminales extendidos Serie XT3;;;;;20.34;30.51;35.59;40.68;;;;;;;;;;;;;
ABB;1SDA067157R1;ABB - Kit de terminales 1x35..95mm2 Serie XT1;;;;;32.74;49.11;57.30;65.48;;;;;;;;;;;;;
ABB;1SBL367001R1300;ABB - Contactor 53A 120V 0NO-0NC Serie AF52-30;;;;;72.76;109.14;127.33;145.52;;;;;;;;;;;;;
ABB;1SFN084413R1000;ABB - Puente para contactor Serie AF;;;;;79.61;119.41;139.31;159.22;;;;;;;;;;;;;
ABB;1SDA054929R1;ABB - Mando rotatorio para Serie T4-T5;;;;;71.66;107.49;125.40;143.32;;;;;;;;;;;;;
ABB;1SDA069055R1;ABB - Mando rotatorio para Serie XT2-XT4;;;;;29.77;44.65;52.09;59.54;;;;;;;;;;;;;
ABB;1SDA054316R1;ABB - Interruptor caja moldeada 320A 3P Serie T5N;;;;;372.57;558.85;651.99;745.14;;;;;;;;;;;;;
ABB;1SDA061653R1;ABB - Interruptor caja moldeada 600A 3P UL Serie T6N;;;;;883.02;1324.53;1545.29;1766.04;;;;;;;;;;;;;
ABB;1SDA046578R1;ABB - Kit de terminales H/V traseros Serie T8;;;;;400.78;601.17;701.36;801.56;;;;;;;;;;;;;
ABB;1SDA063160R1;ABB - Marco de puerta para interruptor Serie T7-T7M;;;;;41.28;61.92;72.24;82.56;;;;;;;;;;;;;
ABB;1SDA073864R1;ABB - Marco de puerta para interruptor Serie E.2..E6.2;;;;;7.19;10.78;12.58;14.38;;;;;;;;;;;;;
ABB;1SDA063018R1;ABB - Interruptor caja moldeada 1600A 4P Serie T7S;;;;;2543.20;3814.80;4450.60;5086.40;;;;;;;;;;;;;
ABB;1SDA068221R1;ABB - Interruptor caja moldeada 175..250A 3P Serie XT3S;;;;;196.01;294.02;343.02;392.02;;;;;;;;;;;;;
ABB;1SDA055010R1;ABB - Kit de terminales frontales Serie T5;;;;;37.43;56.15;65.50;74.86;;;;;;;;;;;;;
ABB;1SDA066939R1;ABB - Kit de terminales traseros Serie XT1 (6pcs);;;;;22.23;33.34;38.90;44.46;;;;;;;;;;;;;
ABB;1SDA055014R1;ABB - Kit de terminales 1x240mm2 Serie T5;;;;;73.95;110.92;129.41;147.90;;;;;;;;;;;;;
ABB;1SDA066655R1;ABB - Cubre bornes bajos 3P Serie XT1;;;;;3.02;4.53;5.30;6.04;;;;;;;;;;;;;
ABB;1SDA066947R1;ABB - Kit de terminales traseros Serie XT3;;;;;32.99;49.48;57.73;65.98;;;;;;;;;;;;;
ABB;1SDA054986R1;ABB - Kit de terminales 1x185mm2 Serie T4;;;;;68.50;102.75;119.88;137.00;;;;;;;;;;;;;
ABB;1SDA063101R1;ABB - Kit de terminales frontales Serie T7-T7M;;;;;45.04;67.56;78.82;90.08;;;;;;;;;;;;;
ABB;1SDA055023R1;ABB - Kit de terminales 1x300mm2 Serie T5 (6pcs);;;;;95.24;142.86;166.67;190.48;;;;;;;;;;;;;
ABB;1SDA067181R1;ABB - Kit de terminales 1x95..185mm2 Serie XT3;;;;;48.77;73.15;85.34;97.54;;;;;;;;;;;;;
ABB;1SDA066867R1;ABB - Kit de terminales frontales Serie XT1;;;;;11.76;17.64;20.58;23.52;;;;;;;;;;;;;
ABB;1SDA066656R1;ABB - Cubre bornes bajos 4P Serie XT1;;;;;3.28;4.92;5.74;6.56;;;;;;;;;;;;;
ABB;1SDA013922R1;ABB - Kit de terminales 2x240mm2 Serie T6;;;;;95.86;143.79;167.76;191.72;;;;;;;;;;;;;
ABB;1SDA067053R1;ABB - Interruptor caja moldeada 100A 3P Serie XT2N;;;;;132.50;198.75;231.87;265.00;;;;;;;;;;;;;
ABB;1SDA067185R1;ABB - Kit de terminales 1x120..240mm2 con cubre borne Serie XT3;;;;;66.79;100.18;116.88;133.58;;;;;;;;;;;;;
ABB;1SDA067162R1;ABB - Kit de terminales 1x120..240mm2 con cubre borne Serie XT1;;;;;88.75;133.12;155.31;177.50;;;;;;;;;;;;;
ABB;1SDA055044R1;ABB - Kit de terminales traseros Serie T5;;;;;48.30;72.45;84.52;96.60;;;;;;;;;;;;;
ABB;1SDA014040R1;ABB - Cubre bornes altos 3P Serie T6;;;;;28.43;42.64;49.75;56.86;;;;;;;;;;;;;
ABB;1SCA022776R7970;ABB - Cubre borne 1P para OTM Serie OTS800G1L4;;;;;29.46;44.19;51.56;58.92;;;;;;;;;;;;;
ABB;1SDA067165R1;ABB - Kit de terminales 1x1..95mm2 Serie XT2 (6pcs);;;;;53.62;80.43;93.84;107.24;;;;;;;;;;;;;
ABB;1SDA067197R1;ABB - Kit de terminales 1x120..240mm2 Serie XT4;;;;;66.79;100.18;116.88;133.58;;;;;;;;;;;;;
ABB;1SBN081306T1000;ABB - Union de contactor y guardamotor Serie BEA16-4;;;;;3.71;5.56;6.49;7.42;;;;;;;;;;;;;
ABB;2CDS254001R0204;ABB - Interruptor min din 20A 4P Serie S200-C;;;;;22.50;33.75;39.37;45.00;;;;;;;;;;;;;
ABB;1SBL237001R1300;ABB - Contactor 26A Bobina 120V 3NO Serie AF26-30;;;;;32.64;48.96;57.12;65.28;;;;;;;;;;;;;
ABB;1SAM250000R1008;ABB - Guardamotor de 2.5..4A Serie MS116-4.0;;;;;24.21;36.31;42.36;48.42;;;;;;;;;;;;;
ABB;1SAM250000R1011;ABB - Guardamotor de 10...16A Serie MS116-16;;;;;28.50;42.75;49.87;57.00;;;;;;;;;;;;;
ABB;1SAM201901R1001;ABB - Contacto auxiliar para guardamotor 1CO Serie HKF1-11;;;;;3.85;5.77;6.73;7.70;;;;;;;;;;;;;
ABB;1SDA062775R1;ABB - Interruptor caja moldeada 1000A 3P Serie T7S;;;;;1539.77;2309.66;2694.60;3079.54;;;;;;;;;;;;;
ABB;1SDA102449R1;ABB - Interruptor caja moldeada 400A 3P UL Serie XT5N;;;;;341.97;512.96;598.45;683.94;;;;;;;;;;;;;
ABB;1SDA061981R1;ABB - Interruptor caja moldeada 800A 3P Serie T7S;;;;;1342.76;2014.14;2349.83;2685.52;;;;;;;;;;;;;
ABB;1SDA062754R1;ABB - Interruptor caja moldeada 1000A 3P Serie T7S;;;;;1637.75;2456.63;2866.06;3275.50;;;;;;;;;;;;;
ABB;1SDA063114R1;ABB - Kit de terminales 4x240mm2 con tapa Serie T7-T7M;;;;;193.50;290.25;338.63;387.00;;;;;;;;;;;;;
ABB;1SDA061662R1;ABB - Interruptor caja moldeada 800A 3P UL Serie T6S;;;;;1298.02;1947.06;2271.54;2596.04;;;;;;;;;;;;;
ABB;1SDA054911R1;ABB - Contacto auxiliar cableado 4CO 250V Serie T4..T6;;;;;56.96;85.44;99.68;113.92;;;;;;;;;;;;;
ABB;1SDA054865R1;ABB - Bobina de apertura 110..127V Serie T4..T6;;;;;31.46;47.19;55.05;62.92;;;;;;;;;;;;;
ABB;1SDA050543R1;ABB - Toroidal 185mm para Emax/Tmax;;;;;496.25;744.38;868.44;992.50;;;;;;;;;;;;;
ABB;1SBL347001R1400;ABB - Contactor 40A Bobina 240V 0NO-0NC Serie AF40-30;;;;;58.96;88.44;103.18;117.92;;;;;;;;;;;;;
ABB;1SAZ911201R1006;ABB - Rele termico para contactores de 84..96A;;;;;71.59;107.39;125.28;143.18;;;;;;;;;;;;;
ABB;1SDA063549R1;ABB - Bobina de cierre 120..127VAC/DC Serie T7M-X1;;;;;65.24;97.86;114.17;130.48;;;;;;;;;;;;;
ABB;1SDA063551R1;ABB - Bobina de bajo voltaje 120..127VAC/DC Serie T7-T7M-X1;;;;;82.44;123.66;144.27;164.88;;;;;;;;;;;;;
ABB;1SDA066428R1;ABB - Contacto auxiliar cableado 3CO 250VAC/DC Serie XT3;;;;;21.82;32.73;38.18;43.64;;;;;;;;;;;;;
ABB;1SBL387001R1311;ABB - Contactor 65A Bobina 110V 1NO-1NC Serie AF65-30;;;;;103.73;155.60;181.53;207.46;;;;;;;;;;;;;
ABB;1SBL157001R1401;ABB - Contactor 12A Bobina 220V 1NC Serie AF12-30;;;;;23.06;34.59;40.35;46.12;;;;;;;;;;;;;
ABB;1SBL176001R3010;ABB - Contactor 18A Bobina 24VDC 1NO Serie AF16Z;;;;;41.68;62.52;72.94;83.36;;;;;;;;;;;;;
ABB;1SBN010140R1322;ABB - Contacto auxiliar frontal 2CO Serie CA422E;;;;;7.44;11.16;13.02;14.88;;;;;;;;;;;;;
ABB;1SCA113683R1001;ABB - OTM 2000A 110V 3P motorizado;;;;;3875.34;5813.01;6781.85;7750.68;;;;;;;;;;;;;
ABB;1SDA054896R1;ABB - Mando a motor MOE de 110...125VAC/DC Serie T4-T5;;;;;344.66;516.99;603.16;689.32;;;;;;;;;;;;;
ABB;1SDA069656R1;ABB - Padlock de bloqueo para Serie T7M;;;;;10.11;15.17;17.69;20.22;;;;;;;;;;;;;
ABB;1SDA063120R1;ABB - Kit de terminales horizontales Serie T7M-T7-X1;;;;;114.25;171.37;399.87;228.50;;;;;;;;;;;;;
ABB;1SDA063091R1;ABB - Tapa cubre bornes para Serie T7-T7M-X1;;;;;32.14;48.21;56.25;64.28;;;;;;;;;;;;;
ABB;1SDA063093R1;ABB - Tapa cubre bornes bajo para Serie T7M-T7-X1;;;;;28.93;43.40;50.63;57.86;;;;;;;;;;;;;
ABB;2CSF204005R3630;ABB - Interruptor min din 63A 3P+N dif 300mA serie F204 AC;;;;;97.41;146.12;170.47;194.82;;;;;;;;;;;;;
ABB;1SDA054872R1;ABB - Bobina de apertura 110..127VAC/DC Serie T4..T6;;;;;43.32;64.98;75.81;86.64;;;;;;;;;;;;;
ABB;1SDA113066R1;ABB - Kit de terminales 2x...500kcmil Serie XT5;;;;;50.66;75.99;88.66;101.32;;;;;;;;;;;;;
ABB;1SDA104926R1;ABB - Bobina de apertura 110..240VAC/DC Serie XT5-XT6;;;;;26.50;39.75;46.38;53.00;;;;;;;;;;;;;
ABB;1SDA054946R1;ABB - Chasis para interlock Serie T4-T5;;;;;117.00;204.75;175.50;234.00;;;;;;;;;;;;;
ABB;1SDA038311R1;ABB - Bobina de bajo voltaje 120..127VAC/DC Serie E1.6-T8;;;;;240.22;360.33;420.39;480.44;;;;;;;;;;;;;
ABB;1SDA038306R1;ABB - Bobina de bajo voltaje 24VDC Serie E.1-T8;;;;;240.22;360.33;420.39;480.44;;;;;;;;;;;;;
ABB;1SDA038301R1;ABB - Bobina de cierre 120..127VAC/DC Serie E1.6-T8;;;;;151.70;227.55;265.48;301.40;;;;;;;;;;;;;
ABB;1SDA038291R1;ABB - Bobina de apertura 120..127VAC/DC Serie E1.6-T8 - SOR;;;;;151.70;227.55;265.48;301.40;;;;;;;;;;;;;
ABB;1SDA054887R1;ABB - Bobina de bajo voltaje 24..30VAC/DC Serie T4..T6 - UVR;;;;;45.14;67.71;78.99;90.28;;;;;;;;;;;;;
ABB;1SDA054862R1;ABB - Bobina de apertura 12VDC Serie T4..T6;;;;;31.46;47.19;55.05;62.92;;;;;;;;;;;;;
ABB;1SDA062091R1;ABB - Bobina de bajo voltaje 110..120VAC/DC Serie T7-T7M;;;;;82.44;123.66;144.27;164.88;;;;;;;;;;;;;
ABB;1SDA073686R1;ABB - Bobina de apertura 120..127VAC/DC Serie E1.2..E6.2;;;;;99.08;148.62;173.39;198.16;;;;;;;;;;;;;
ABB;1SDA054884R1;ABB - Bobina de bajo voltaje 220..240V AC-220..250V DC Serie T4..T6;;;;;37.21;55.81;65.11;74.42;;;;;;;;;;;;;
ABB;1SDA054866R1;ABB - Bobina de apertura 220..240VAC/DC Serie T4..T6;;;;;31.46;47.19;55.05;62.92;;;;;;;;;;;;;
ABB;1SDA065979R1;ABB - Rele sin toroidal 115-230VAC RCQ020/A;;;;;300.24;450.36;525.42;600.48;;;;;;;;;;;;;
ABB;1SDA054317R1;ABB - Interruptor caja moldeada 400A 3P Serie T5N;;;;;367.07;550.61;642.37;734.14;;;;;;;;;;;;;
ABB;1SBL397001R1300;ABB - Contactor 80A 440V 3NO Serie AF80;;;;;126.41;189.62;221.22;252.82;;;;;;;;;;;;;
ABB;1SDA068141R1;ABB - Interruptor caja moldeada 250A 3P Serie XT4N;;;;;352.92;529.38;617.61;705.84;;;;;;;;;;;;;
ABB;2CSF204005R3800;ABB - Interruptor min din 80A 3P+N dif 300mA Serie F204;;;;;184.60;276.90;323.05;369.20;;;;;;;;;;;;;
ABB;2CDS251001R0504;ABB - Interruptor min din 50A 1P Serie S200;;;;;6.59;9.88;11.53;13.18;;;;;;;;;;;;;
ABB;1SDA066316R1;ABB - Bobina de apertura 110..127VAC 110..125VDC Serie XT1-XT4;;;;;16.08;24.12;28.14;32.16;;;;;;;;;;;;;
ABB;1SCA113652R1001;ABB - OTM 1250A motorizado 110VAC;;;;;2066.17;3099.26;3615.80;4132.34;;;;;;;;;;;;;
ABB;1SDA054873R1;ABB - Bobina de apertura 220..240VAC Serie T4..T6;;;;;43.32;64.98;75.81;86.64;;;;;;;;;;;;;
ABB;1SAM580000R1008;ABB - Guardamotor de 57..75A 3P Serie MS495;;;;;172.01;258.03;301.02;344.02;;;;;;;;;;;;;
ABB;1SDA054897R1;ABB - Mando a motor 220..250VAC/DC Serie T4..T6;;;;;344.66;516.99;603.16;689.32;;;;;;;;;;;;;
ABB;1SDA054396R1;ABB - Interruptor caja moldeada 630A 3P Serie T5N;;;;;539.04;808.56;943.32;1078.08;;;;;;;;;;;;;
ABB;1SAM250005R1005;ABB - Guardamotor de 0.63..1.0A 1NO/1NC Serie MS116-1.0;;;;;31.56;47.34;55.23;63.12;;;;;;;;;;;;;
ABB;1SAM250005R1007;ABB - Guardamotor de 1.6..2.5A 1NO/1NC Serie MS116-2.5;;;;;31.09;46.63;54.50;62.18;;;;;;;;;;;;;
ABB;1SAM250005R1009;ABB - Guardamotor de 4.0..6.3A 1NO/1NC Serie MS116-6.3;;;;;31.09;46.63;54.40;62.18;;;;;;;;;;;;;
ABB;1SAM250005R1010;ABB - Guardamotor de 6.3..10A 1NO/1NC Serie MS116-10;;;;;35.33;52.99;61.82;70.66;;;;;;;;;;;;;
ABB;1SAM250005R1011;ABB - Guardamotor de 10..16A 1NO/1NC Serie MS116-16;;;;;35.33;52.99;61.82;70.66;;;;;;;;;;;;;
ABB;1SAM250005R1013;ABB - Guardamotor de 16..20A 1NO/1NC Serie MS116-20;;;;;39.08;58.62;68.39;78.16;;;;;;;;;;;;;
ABB;1SDA062882R1;ABB - Interruptor caja moldeada 1250A 3P LS/I Serie T7S;;;;;1833.23;2749.84;3208.15;3666.46;;;;;;;;;;;;;
ABB;1SDA063552R1;ABB - Bobina de bajo voltaje 220..240VAC/DC Serie T7..T7M - UVR;;;;;81.22;121.83;142.13;162.44;;;;;;;;;;;;;
ABB;1SDA062116R1;ABB - Mando a motor 220..250VAC/DC Serie T7..X1;;;;;530.94;796.41;929.14;1061.88;;;;;;;;;;;;;
ABB;1SDA063231R1;ABB - Kit de terminales 2x240mm2 Serie T5 (6pcs);;;;;296.14;444.21;518.24;592.28;;;;;;;;;;;;;
ABB;1SDA055502R1;ABB - Interruptor caja moldeada 300A 3P Serie T5S;;;;;508.99;763.48;890.73;1017.98;;;;;;;;;;;;;
ABB;1SDA055026R1;ABB - Kit de terminales 2x120mm2 Serie T5 (6pcs);;;;;100.64;150.96;176.12;201.28;;;;;;;;;;;;;
ABB;1SDA055046R1;ABB - Kit de terminales frontales Serie T4;;;;;47.58;71.37;83.26;95.16;;;;;;;;;;;;;
ABB;1SDA055032R1;ABB - Kit de terminales 2x240mm2 Serie T5 (3pcs);;;;;0.00;;;0.00;;;;;;;;;;;;;
ABB;1SDA063548R1;ABB - Bobina de apertura 220..240VAC Serie T7..T7M;;;;;64.27;96.40;112.47;128.54;;;;;;;;;;;;;
ABB;1SDA063550R1;ABB - Bobina de cierre 220..240VAC/DC Serie T7M..X1;;;;;64.27;96.40;112.47;128.54;;;;;;;;;;;;;
ABB;2CSF204005R1250;ABB - Interruptor min din 25A 3P+N dif 30mA serie F204 AC;;;;;83.88;125.82;146.79;167.76;;;;;;;;;;;;;
ABB;1SBL136001R3001;ABB - Contactor 9A Bobina 24VDC 3NO/1NC Serie AF09Z-30;;;;;41.47;62.20;72.57;82.94;;;;;;;;;;;;;
ABB;1SBL176001R3001;ABB - Contactor 16A Bobina 24VDC 1NC Serie AF16Z-30;;;;;45.97;68.95;80.44;91.94;;;;;;;;;;;;;
ABB;2CSF204001R1400;ABB - Interruptor min din 4P 3P+N dif 30mA serie F204 AC;;;;;99.14;148.71;173.49;198.28;;;;;;;;;;;;;
ABB;1SBL367001R1400;ABB - Contactor 53A 440V 3NO-0NC Serie AF52-30;;;;;71.89;107.83;125.80;143.78;;;;;;;;;;;;;
ABB;1SAM550000R1008;ABB - Guardamotor de 57..75A 3P Serie MS497-75;;;;;0.00;;;0.00;;;;;;;;;;;;;
ABB;1SDA067186R1;ABB - Kit de terminales 1x120..240mm2 con cubre borne Serie XT3;;;;;87.44;131.16;153.02;174.88;;;;;;;;;;;;;
ABB;1SDA055027R1;ABB - Kit de terminales 2x120mm2 con cubre borne Serie T5 400;;;;;132.20;198.30;231.35;264.40;;;;;;;;;;;;;
ABB;1SBL231001R8400;ABB - Contactor 26A 440V Bobina 120V 3NO Serie AFC26-30;;;;;32.15;48.22;56.26;64.30;;;;;;;;;;;;;
ABB;1SBL271001R8400;ABB - Contactor 30A Bobina 110V Serie AFC30-30;;;;;47.94;71.91;83.89;95.88;;;;;;;;;;;;;
ABB;1SDA066821R1;ABB - Interruptor caja moldeada 112..160A 4P Serie XT1;;;;;98.68;148.02;172.69;197.36;;;;;;;;;;;;;
ABB;1SDA066325R1;ABB - Bobina de apertura 220..240VAC 220..250VDC Serie XT1...XT4;;;;;25.64;38.46;44.87;51.28;;;;;;;;;;;;;
ABB;1SDA068232R1;ABB - Interruptor caja moldeada 175..250A 4P Serie XT3S;;;;;254.81;382.21;445.91;509.62;;;;;;;;;;;;;
ABB;1SDA066431R1;ABB - Contacto auxiliar cableado 2CO 250VAC/DC Serie XT1...XT6;;;;;15.12;22.68;26.46;30.24;;;;;;;;;;;;;
ABB;1SDA068059R1;ABB - Interruptor caja moldeada 250A 3P Serie XT3N;;;;;155.74;233.61;272.54;311.48;;;;;;;;;;;;;
ABB;2CDS251001R0014;ABB - Interruptor min din 1A 1P serie S201-C1;;;;;6.50;9.75;11.37;13.00;;;;;;;;;;;;;
ABB;1SDA066322R1;ABB - Bobina de apertura 24-30V AC-DC Serie XT1...XT4;;;;;25.64;38.46;44.87;51.28;;;;;;;;;;;;;
ABB;1SCA022709R9500;ABB - OTM 200A 3P 480V Manual;;;;;238.92;358.38;418.11;477.84;;;;;;;;;;;;;
ABB;2CDS251001R0634;ABB - Interruptor min din 63A 1P Serie S201;;;;;6.59;9.88;11.53;13.18;;;;;;;;;;;;;
ABB;1SCA022873R1050;ABB - OTM 630A 110V 3P motorizado;;;;;1391.40;2087.10;2434.95;2782.80;;;;;;;;;;;;;
ABB;1SCA022845R8960;ABB - OTM 200A 3P 230V Motorizado;;;;;746.11;1119.16;1305.69;1492.22;;;;;;;;;;;;;
ABB;1SFN010820R1011;ABB - Contacto auxiliar 1NC/1NO Serie CAL19-11;;;;;14.40;21.60;25.20;28.80;;;;;;;;;;;;;
ABB;1SCA115286R1001;ABB - OTM 160A motorizado 230V;;;;;552.64;828.96;967.12;1105.28;;;;;;;;;;;;;
ABB;1SDA080084R1;ABB - Interruptor caja moldeada 250A 3P Serie XT4H;;;;;368.17;552.26;644.30;736.34;;;;;;;;;;;;;
ABB;1SCA022847R1630;ABB - OTM 400A motorizdo 230V 3P;;;;;966.70;1450.05;1691.72;1933.40;;;;;;;;;;;;;
ABB;1SFL427001R1411;ABB - Contactor 116A Bobina 250-500VAC 1NO-1NC Serie AF116-30;;;;;184.50;276.75;322.87;369.00;;;;;;;;;;;;;
ABB;2CDS271347R0557;ABB - Interruptor min din 40A 1P Serie SU201MR;;;;;27.14;40.71;47.49;54.28;;;;;;;;;;;;;
ABB;2CDS211001R0254;ABB - Interruptor min din 25A 1P serie SH201;;;;;3.39;5.08;5.93;6.78;;;;;;;;;;;;;
ABB;2CDS212001R0404;ABB - Interruptor min din 40A 2P serie SH202;;;;;8.47;12.70;14.82;16.94;;;;;;;;;;;;;
ABB;2CDS212001R0204;ABB - Interruptor min din 20A 2P serie SH202;;;;;9.60;14.40;16.80;19.20;;;;;;;;;;;;;
ABB;2CDS212001R0324;ABB - Interruptor min din 32A 2P serie SH202;;;;;7.73;11.59;13.52;15.46;;;;;;;;;;;;;
ABB;1SFL527002R1311;ABB - Contactor 205A 110V 3NO-1NC Serie AF205-30;;;;;315.95;473.92;552.91;631.90;;;;;;;;;;;;;
ABB;2CDS254001R0164;ABB - Interruptor min din 16A 4P Serie S204;;;;;21.43;32.14;37.50;42.86;;;;;;;;;;;;;
ABB;1SAZ721201R1051;ABB - Rele termico para contactores de 20..24A 690VAC serie TF42-24;;;;;45.00;67.50;78.75;90.00;;;;;;;;;;;;;
ABB;1SAZ811201R1006;ABB - Rele termico para contactores de 50..60A 690VAC serie TF65-60;;;;;73.20;109.80;128.10;146.40;;;;;;;;;;;;;
ABB;1SFL527002R1411;ABB - Contactor de 205A a 277VAC 1NO-1NC Serie AF205-30;;;;;400.83;601.24;701.45;801.66;;;;;;;;;;;;;
ABB;1SDA071061R1;ABB - Interruptor caja moldeada 2500A 3P Serie Emax 2 E2.2N;;;;;2544.98;3817.47;4453.72;5089.96;;;;;;;;;;;;;
ABB;1SDA073672R1;ABB - Bobina de apertura a 110-120VAC Serie XT7/ E1..2-E6...2;;;;;100.57;150.85;175.99;201.14;;;;;;;;;;;;;
ABB;1SDA073685R1;ABB - Bobina de cierre a 110-120VAC Serie XT7/E1..2-E6..2;;;;;100.57;150.85;175.99;201.14;;;;;;;;;;;;;
ABB;1SDA073698R1;ABB - Bobina de bajo voltaje a 110-120VAC Serie XT7/E1..2-E6..2;;;;;144.28;216.42;252.49;288.56;;;;;;;;;;;;;
ABB;1SDA073724R1;ABB - Gear motor a 100-130VAC/DC Serie E2.2-E6.2;;;;;450.37;675.55;788.14;900.74;;;;;;;;;;;;;
ABB;1SDA073756R1;ABB - Contactos auxiliar 6CO Serie E2.2-E6.2;;;;;129.38;194.07;226.42;258.76;;;;;;;;;;;;;
ABB;1SCA022872R5750;ABB - OTM 800A 3P 110V motorizado;;;;;1239.30;1858.95;2168.78;2478.60;;;;;;;;;;;;;
ABB;1SDA066943R1;ABB - Terminales traseros ajustables serie XT2 (6pcs);;;;;24.70;37.05;43.22;49.40;;;;;;;;;;;;;
ABB;1SDA067173R1;ABB - Kit de terminales de 1x120...240mm2 Serie XT2 6pcs +ADP;;;;;65.80;98.70;115.15;131.60;;;;;;;;;;;;;
ABB;1SDA073699R1;ABB - Rele de bajo voltaje 120-127V AC-DC Serie E1.2..E6.2-XT7-XT7M;;;;;159.18;238.77;278.56;318.36;;;;;;;;;;;;;
ABB;1SDA073674R1;ABB - Bobina de apertura 220..240VC/C Serie E1.2-E6.2;;;;;99.09;148.64;173.41;198.18;;;;;;;;;;;;;
ABB;1SDA073687R1;ABB - Bobina de cierre 220..240VAC/DC Serie E1.2-E6.2;;;;;99.09;148.64;173.41;198.18;;;;;;;;;;;;;
ABB;1SDA073700R1;ABB - Bobina de bajo voltaje 220..240VAC/DC Serie E1.2-E6.2;;;;;156.83;235.25;274.45;313.66;;;;;;;;;;;;;
ABB;1SDA073725R1;ABB - Motor 220..240VAC/DC Serie E1.2-E6.2;;;;;443.72;665.58;776.51;88744.00;;;;;;;;;;;;;
ABB;1SDA073764R1;ABB - Contacto auxiliar para Serie E2.2...E6.2;;;;;108.26;162.39;189.46;216.52;;;;;;;;;;;;;
ABB;1SAZ721201R1043;ABB - Termica para contactor 7.6..10 A Serie TF42-10;;;;;20.84;31.26;36.47;41.68;;;;;;;;;;;;;
ABB;1SCA113653R1001;ABB - OTM 1000A 3P 100V motorizado;;;;;1903.28;2854.92;3330.74;3806.56;;;;;;;;;;;;;
ABB;9T58K2808;ABB - Transformador de control 300VA Pri:240/480V Sec:120/240V;;;;;0.00;0.00;0.00;0.00;;;;;;;;;;;;;
ABB;1SFL577001R7011;ABB - Contactor 400A a 110..250V serie AF400-30;;;;;678.63;1017.94;1187.60;1357.26;;;;;;;;;;;;;
ABB;1SDA077328R1;ABB - Interruptor caja moldeada de 2000A 3P Serie E2..2S;;;;;3139.78;4709.67;5494.62;6279.56;;;;;;;;;;;;;
ABB;1SDA066951R1;ABB - Kit de terminales traseros para Serie XT4;;;;;33.93;50.90;59.38;67.86;;;;;;;;;;;;;
ABB;1SDA072492R1;ABB - Interruptor caja moldeada 3200A 3P Serie E4.2N;;;;;4490.95;6736.43;7859.16;8981.90;;;;;;;;;;;;;
ABB;1SDA060409R1;ABB - Mando rotatorio para Serie T6;;;;;158.79;238.19;277.88;317.58;;;;;;;;;;;;;
ABB;1SDA075166R1;ABB - Interruptor caja moldeada 122.5...175A 3P Serie XT4;;;;;289.09;433.64;505.91;578.18;;;;;;;;;;;;;
ABB;1SVR550212R4100;ABB - Rele Temporizador estrella delta 1c/o, 0.3-30s, 380-415VAC;;;;;45.20;67.80;79.10;90.40;;;;;;;;;;;;;
ABB;1SDA073913R1;ABB - Parte fija extraible para interruptor de 3200 A 3P serie E4.2;;;;;591.87;887.80;1035.77;1183.74;;;;;;;;;;;;;
ABB;1SDA104760R1;ABB - Kit de terminales traseros Serie XT5 (3pcs);;;;;41.28;61.92;72.24;82.56;;;;;;;;;;;;;
ABB;1SDA072542R1;ABB - Interruptor caja moldeada 4000A 3P Serie E4.2N;;;;;5688.95;8533.43;9955.66;11377.90;;;;;;;;;;;;;
ABB;1SDA104748R1;ABB - Kit de terminales frontales 2x95..240mm Serie XT5 3pcs;;;;;44.72;67.08;78.26;89.44;;;;;;;;;;;;;
ABB;1SDA104843R1;ABB - Mando giratorio para Serie XT5;;;;;61.25;91.87;107.18;122.50;;;;;;;;;;;;;
ABB;1SDA067183R1;ABB - Kit de terminales 1x120...240mm2 XT3 3pcs + cubrebornes 1pc;;;;;38.35;57.52;67.11;76.70;;;;;;;;;;;;;
ABB;1SDA066799R1;ABB - Interruptor caja moldeada 11.2..16A 3P Serie XT1;;;;;35.11;52.67;61.44;70.22;;;;;;;;;;;;;
ABB;1SDA066800R1;ABB - Interruptor caja moldeada 14..20A 3P Serie XT1;;;;;35.11;52.67;61.44;70.22;;;;;;;;;;;;;
ABB;1SDA066805R1;ABB - Interruptor caja moldeada 44..63A 3P Serie XT1B;;;;;35.11;52.67;61.44;70.22;;;;;;;;;;;;;
ABB;1SDA066801R1;ABB - Interruptor caja moldeada 17.5...25A 3P Serie XT1;;;;;35.11;52.67;61.44;70.22;;;;;;;;;;;;;
ABB;1SAM250000R1015;ABB - Guardamotor 25...32A 3P Serie MS116-32;;;;;46.54;69.81;81.45;93.08;;;;;;;;;;;;;
ABB;1SDA100353R1;ABB - Interruptor caja moldeada 400A 3P LS/I Serie XT5N;;;;;347.10;520.65;607.42;694.20;;;;;;;;;;;;;
ABB;1SDA066945R1;ABB - Kit de terminales traseros ajustables Serie XT3;;;;;16.25;24.37;28.43;32.50;;;;;;;;;;;;;
ABB;1SDA067159R1;ABB - Kit de terminales 1x120..240mm2 Serie XT1;;;;;38.35;57.52;67.11;76.70;;;;;;;;;;;;;
ABB;2TLA010050R0000;ABB - Rele de seguridad Sentry SSR10;;;;;342.61;513.91;599.56;685.22;;;;;;;;;;;;;
ABB;1SDA066937R1;ABB - Kit de terminales traseros ajustables Serie XT1;;;;;10.92;16.38;19.11;21.84;;;;;;;;;;;;;
ABB;1SDA066808R1;ABB - Interruptor caja moldeada 87.5..125A 3P Serie XT1;;;;;52.55;78.82;91.96;105.10;;;;;;;;;;;;;
ABB;2CDS252001R0804;ABB - Interruptor min din 80A 2P serie S202-C;;;;;44.59;66.88;78.03;89.18;;;;;;;;;;;;;
ABB;1SDA073915R1;ABB - Parte fija extraible para disyuntor;;;;;1027.19;1540.78;1797.58;2054.38;;;;;;;;;;;;;
ABB;1SDA100355R1;ABB - Interruptor caja moldeada 630A 3P LS/I Serie XT5N;;;;;502.19;753.28;878.83;1004.38;;;;;;;;;;;;;
ABB;1SDA100860R1;ABB - Interruptor caja moldeada 1250A 3P LSIG Serie XT7S;;;;;4558.10;6837.15;7976.67;9116.20;;;;;;;;;;;;;
ABB;1SDA062866R1;ABB - Interruptor caja moldeada 1250A 3P LS/I Serie T7S;;;;;1675.02;2512.53;2931.28;3350.04;;;;;;;;;;;;;
ABB;1SDA068210R1;ABB - Interruptor caja moldeada 250A 3P serie XT3D;;;;;125.60;188.40;219.80;251.20;;;;;;;;;;;;;
ABB;1SDA100344R1;ABB - Interruptor caja moldeada 400A 3P serie XT5N;;;;;334.44;501.66;602.77;668.88;;;;;;;;;;;;;
ABB;1SDA100345R1;ABB - Interruptor caja moldeada 280..400A 3P serie XT5N;;;;;339.45;509.75;594.03;678.90;;;;;;;;;;;;;
ABB;1SDA101366R1;ABB - Interruptor caja moldeada 800A 3P LS/I serie XT7S;;;;;1147.66;1721.49;2008.40;2295.32;;;;;;;;;;;;;
ABB;1SDA075869R1;ABB - Kit de terminales frontales Serie XT1/UL;;;;;3.37;5.05;5.89;6.74;;;;;;;;;;;;;
ABB;1SDA074646R1;ABB - Interruptor caja moldeada 100A 3P UL Serie XT1N;;;;;87.08;130.62;152.39;174.16;;;;;;;;;;;;;
ABB;1SDA100719R1;ABB - Interruptor caja moldeada 800A 3P Serie XT6N;;;;;1005.97;1508.95;1760.44;2011.94;;;;;;;;;;;;;
ABB;1SDA104762R1;ABB - Kit de terminales traseros Serie XT6;;;;;69.32;103.98;121.31;138.64;;;;;;;;;;;;;
ABB;1SDA104750R1;ABB - Kit de terminales 2x120mm2 Serie XT6;;;;;70.32;105.48;123.06;140.64;;;;;;;;;;;;;
ABB;1SDA067187R1;ABB - Kit de terminales 2x35..120mm2 Serie XT3;;;;;37.39;56.08;65.43;74.78;;;;;;;;;;;;;
ABB;1SDA067453R1;ABB - Interruptor caja moldeada 87.5...125A 3P Serie XT1H;;;;;181.56;272.34;317.73;363.12;;;;;;;;;;;;;
ABB;1SDA066802R1;ABB - Interruptor caja moldeada 22..32A 3P Serie XT1B 160;;;;;35.11;52.66;61.44;70.22;;;;;;;;;;;;;
ABB;1SDA072493R1;ABB - Interruptor caja moldeada 3200A 3P LSIG Serie E4.2N;;;;;4739.43;7109.14;8294.00;9478.86;;;;;;;;;;;;;
ABB;1SDA102444R1;ABB - Interruptor caja moldeada 400A 3P UL Serie XT5N;;;;;339.45;509.17;594.03;678.90;;;;;;;;;;;;;
ABB;1SDA074699R1;ABB - Interruptor caja moldeada 40A 3P Serie XT1H;;;;;119.59;179.38;209.28;239.18;;;;;;;;;;;;;
ABB;1SDA066423R1;ABB - Contacto auxiliar 1CO 24VDC Serie XT1..XT4;;;;;9.50;14.25;16.62;19.00;;;;;;;;;;;;;
ABB;1SDA104786R1;ABB - Contacto auxiliar cableado 1CO 24VDC Serie XT5;;;;;18.83;28.24;32.95;37.66;;;;;;;;;;;;;
ABB;1SDA100836R1;ABB - Interruptor caja moldeada 1250A 3P LSIG Serie XT7S;;;;;2356.44;4123.77;3534.66;4712.88;;;;;;;;;;;;;
ABB;1SDA067433R1;ABB - Interruptor caja moldeada 80A 3P Serie XT1S;;;;;99.90;149.85;174.82;199.80;;;;;;;;;;;;;
ABB;1SDA073881R1;ABB - Cable interlock A - HR E1.2..E6.2 Serie XT7/M;;;;;30.68;46.02;53.69;61.36;;;;;;;;;;;;;
ABB;1SDA073890R1;ABB - Kit palanca para interlock E4.2;;;;;55.50;83.25;97.12;111.00;;;;;;;;;;;;;
ABB;1SDA073895R1;ABB - Soporte Mecanico para interlock ABD E2.2...E6.2;;;;;63.44;95.16;111.02;126.88;;;;;;;;;;;;;
ABB;2CDS251103R0164;ABB - Interruptor min din 16A 1P+N serie S201-C16NA;;;;;16.28;24.42;28.49;32.56;;;;;;;;;;;;;
ABB;1SDA066459R1;ABB - Motor Operador 110..125V AC/DC serie XT1-XT3;;;;;132.90;199.35;232.57;289.80;;;;;;;;;;;;;
ABB;1SDA066637R1;ABB - Chasis para enclavamiento mecanico Serie XT1...XT4;;;;;84.87;127.30;148.52;169.74;;;;;;;;;;;;;
ABB;1SDA066643R1;ABB - Placa para enclavamiento mecanico para interruptor fijo Serie XT3;;;;;19.46;29.19;34.05;38.92;;;;;;;;;;;;;
ABB;1SDA066898R1;ABB - Kit de terminales frontales extendidos Serie XT3;;;;;20.65;30.97;36.13;41.30;;;;;;;;;;;;;
ABB;1SCA113654R1001;ABB - OTM 1600A motorizado 110VAC;;;;;2514.46;3771.69;4400.30;5028.92;;;;;;;;;;;;;
ABB;1SDA102525R1;ABB - Interruptor caja moldeada 400A 3P Serie XT5H;;;;;407.54;611.31;1069.79;815.08;;;;;;;;;;;;;
ABB;1SDA075165R1;ABB - Interruptor caja moldeada 150A 3P Serie XT4N;;;;;266.99;400.48;467.23;533.98;;;;;;;;;;;;;
ABB;1SDA073990R1;ABB - Kit de terminales traseros horizontales/verticales Serie XT7-XT7M;;;;;94.03;141.04;164.55;188.06;;;;;;;;;;;;;
ABB;1SAM250000R1012;ABB - Guardamotor de 8..12A serie MS116-12;;;;;28.08;42.12;49.14;56.16;;;;;;;;;;;;;
ABB;1SDA104921R1;ABB - Motor 100..130VAC/DC Serie M XT7M;;;;;453.80;680.70;794.15;907.60;;;;;;;;;;;;;
ABB;1SDA073750R1;ABB - Contacto auxiliar 4CO 400V Serie E1.2-XT7-XT7M;;;;;82.43;123.64;144.25;164.86;;;;;;;;;;;;;
ABB;1SDA104863R1;ABB - Mando giratorio para Serie XT7;;;;;147.52;221.28;258.16;295.04;;;;;;;;;;;;;
ABB;1SDA073894R1;ABB - Soporte Mecanico para interlock Serie A E1.2-XT7/M;;;;;92.33;138.49;161.57;184.66;;;;;;;;;;;;;
ABB;1SDA067436R1;ABB - Interruptor caja moldeada 112...160A 3P Serie XT1S;;;;;141.85;212.77;248.23;283.70;;;;;;;;;;;;;
ABB;1SDA066941R1;ABB - Kit de terminales traseros Serie XT2;;;;;12.34;18.51;21.59;24.68;;;;;;;;;;;;;
ABB;1SDA102847R1;ABB - Interruptor caja moldeada 800A 3P Serie XT6S LS/I;;;;;1049.67;1574.50;1836.92;2099.34;;;;;;;;;;;;;
ABB;1SDA104787R1;ABB - Contacto auxiliar cableado 2CO 250V Serie XT5;;;;;17.38;26.07;30.41;34.76;;;;;;;;;;;;;
ABB;1SDA066874R1;ABB - Kit de terminales delanteros extendidos Serie XT3;;;;;13.35;20.02;23.36;26.70;;;;;;;;;;;;;
ABB;1SDA066411R1;ABB - Conector de enchufe-conmutador de 9 pines XT1..XT5;;;;;6.03;9.04;10.55;12.06;;;;;;;;;;;;;
ABB;1SDA102523R1;ABB - Interruptor caja moldeada 400A 3P Serie XT5H UL;;;;;407.54;611.31;713.19;815.08;;;;;;;;;;;;;
ABB;1SDA075617R1;ABB - Interruptor caja moldeada 225A 4P Serie XT3N-D UL;;;;;152.64;228.96;267.12;305.28;;;;;;;;;;;;;
ABB;1SDA103582R1;ABB - Interruptor caja moldeada 1000A 4P Serie XT7S UL;;;;;1819.72;2729.58;3184.51;3639.40;;;;;;;;;;;;;
ABB;1SDA103140R1;ABB - Interruptor caja moldeada 1000A 4P Serie XT7S UL;;;;;1731.99;2597.98;3030.98;3463.98;;;;;;;;;;;;;
ABB;1SDA073854R1;ABB - Pulsadores de protección PBC AP/CH XT7M;;;;;5.68;8.52;9.94;11.36;;;;;;;;;;;;;
ABB;1SDA075152R1;ABB - Interruptor caja moldeada 120...240A 3P Serie XT3S UL;;;;;147.74;221.61;258.54;295.48;;;;;;;;;;;;;
ABB;1SDA080117R1;ABB - Interruptor caja moldeada 250A 2P Serie XT4N UL;;;;;186.55;279.82;326.46;373.10;;;;;;;;;;;;;
ABB;1SDA065860R1;ABB - Interruptor caja moldeada 1600A 3P Serie T8V UL;;;;;4789.74;7184.61;8382.04;9579.48;;;;;;;;;;;;;
ABB;1SBN010110R1010;ABB - Contacto auxiliar frontal Serie CA4-10;;;;;0.00;;;0.00;;;;;;;;;;;;;
ABB;1SBL157001R1310;ABB - Contactor 12A Bobina 110V con 1NO aux Serie AF12-30;;;;;19.91;29.86;34.84;39.82;;;;;;;;;;;;;
ABB;1SDA075855R1;ABB - Kit de terminales frontales Serie XT3;;;;;66.79;100.18;116.88;133.58;;;;;;;;;;;;;
ABB;1SDA101367R1;ABB - Interruptor caja moldeada LS/I de 1000A 3P Serie XT7S;;;;;1420.78;2131.17;2486.36;2841.56;;;;;;;;;;;;;
ABB;1SDA102266R1;ABB - Interruptor caja moldeada 40A 3P UL Serie XT4S;;;;;323.67;485.50;566.42;647.34;;;;;;;;;;;;;
ABB;1SDA104717R1;ABB - Parte fija extraible para interruptor XT7 3P;;;;;291.69;437.53;510.45;583.38;;;;;;;;;;;;;
ABB;1SDA102899R1;ABB - Interruptor caja moldeada 800A 3P Serie XT7S;;;;;1097.69;1646.53;1920.95;2195.38;;;;;;;;;;;;;
ABB;1SDA073989R1;ABB - Kit de terminales traseros horizontales/verticales Serie XT7-XT7M;;;;;72.35;108.52;126.61;144.70;;;;;;;;;;;;;
ABB;1SDA104824R1;ABB - Contacto auxiliar S33 M/2 1CO 24VDC Serie XT7M;;;;;144.78;217.17;253.36;289.56;;;;;;;;;;;;;
ABB;1SDA103349R1;ABB - Interruptor caja moldeada 800A 3P Serie XT7S M;;;;;1164.88;1747.32;2038.54;2329.76;;;;;;;;;;;;;
ABB;1SDA104703R1;ABB - Parte fija extraible para interruptor UL XT7 3P;;;;;722.20;1083.30;1263.85;1444.40;;;;;;;;;;;;;
ABB;1SDA101368R1;ABB - Interruptor caja moldeada LS 1250A 3P Serie XT7S M;;;;;1590.38;2385.57;2783.16;3180.76;;;;;;;;;;;;;
ABB;1SDA074166R1;ABB - Modulo actuador E1.2..E6.2-XT7-XT7M;;;;;59.36;89.04;103.88;118.72;;;;;;;;;;;;;
ABB;1SDA073722R1;ABB - Mando Motor 24-30V AC-DC E2.2...E6.2;;;;;405.33;607.99;709.32;810.66;;;;;;;;;;;;;
ABB;1SDA074172R1;ABB - Modulo de fuente de alimentacion 110-240V E1.2..E6.2-XT;;;;;230.13;345.19;402.72;460.26;;;;;;;;;;;;;
ABB;1SDA074151R1;ABB - Modulo de comunicacion MODBUS TCP E1.2...E6.2;;;;;593.21;889.81;1038.11;1186.42;;;;;;;;;;;;;
ABB;1SDA073909R1;ABB - Parte fija extraible para interruptor 3P EMAX2 E2.2;;;;;480.62;720.93;841.08;961.24;;;;;;;;;;;;;
ABB;1SDA073911R1;ABB - Parte fija extraible para interruptor 3P EMAX2 E2.2 2500;;;;;503.67;755.50;881.42;1007.34;;;;;;;;;;;;;
ABB;1SDA105025R1;ABB - Tapa termminal altos 3P XT5;;;;;13.17;19.75;23.04;26.34;;;;;;;;;;;;;
ABB;1SDA071191R1;ABB - Interruptor caja moldeada 4000A 3P Serie E4.2N;;;;;5617.74;8426.61;9831.04;11235.48;;;;;;;;;;;;;
ABB;1SAM250000R1001;ABB - Guardamotor de 0.10...0.16A Serie MS116-0.16;;;;;20.31;30.46;35.54;40.62;;;;;;;;;;;;;
ABB;1SAM250000R1005;ABB - Guardamotor de 0.63...1.0A Serie MS116-1.0;;;;;0.00;;;0.00;;;;;;;;;;;;;
ABB;1SDA068778R1;ABB - Interruptor caja moldeada 150-1500A 2P Serie A2N;;;;;0.00;;;0.00;;;;;;;;;;;;;
ABB;1SFN074811R1000;ABB - Toma de conexion para AF190-30 … AF205-30;;;;;0.00;;;0.00;;;;;;;;;;;;;
ABB;1SDA066670R1;ABB - Cubre bornes altos 3P para interruptores Serie XT4 (2pcs);;;;;17.08;25.62;29.89;34.16;;;;;;;;;;;;;
ABB;1SDA113127R1;ABB - Kit de terminales delanteros extendidos Serie XT6;;;;;172.31;258.46;301.54;344.62;;;;;;;;;;;;;
ABB;1SDA105012R1;ABB - Kit de divisiones 3P serie XT6;;;;;4.70;7.05;8.22;9.40;;;;;;;;;;;;;
ABB;1SDA066994R1;ABB - Contacto auxiliar cableado 1C 250V Serie XT1...XT4;;;;;17.21;25.81;30.11;34.42;;;;;;;;;;;;;
ABB;1SDA072569R1;ABB - Interruptor caja moldeada 4000A 3P Serie E4.2H;;;;;9517.31;14275.96;16655.29;19034.62;;;;;;;;;;;;;
ABB;1SDA072370R1;ABB - Interruptor caja moldeada 1600A 3P Serie E2.2H LSIG;;;;;4349.04;6523.56;7610.82;8698.08;;;;;;;;;;;;;
ABB;1SDA072440R1;ABB - Interruptor caja moldeada 2500A 3P Serie E2.2H LSIG;;;;;5672.69;8509.03;9927.20;11345.38;;;;;;;;;;;;;
ABB;1SDA067087R1;ABB - Interruptor caja moldeada 32A 3P Serie XT2N;;;;;0.00;;;0.00;;;;;;;;;;;;;
ABB;1SDA100347R1;ABB - Interruptor caja moldeada 630A 3P Serie XT5N;;;;;509.72;764.58;892.01;1019.44;;;;;;;;;;;;;
ABB;1SDA104742R1;ABB - Kit de terminales 1x120..240mm2 Serie XT5;;;;;31.09;46.63;54.40;62.18;;;;;;;;;;;;;
ABB;1SDA072369R1;ABB - Interruptor caja moldeada 1600A LSIG 3P Serie E2.2H;;;;;3828.40;5742.60;6699.70;7656.80;;;;;;;;;;;;;
ABB;1SDA066949R1;ABB - Kit de terminales traseros ajustables Serie XT4;;;;;17.21;25.81;30.11;34.42;;;;;;;;;;;;;
ABB;1SDA067191R1;ABB - Kit de terminales 1x1..150mm2 Serie XT4 (3pcs);;;;;14.56;21.84;25.48;29.12;;;;;;;;;;;;;
ABB;2CDS253001R0824;ABB - Interruptor min din 100A 3P serie S203-C;;;;;0.00;;;0.00;;;;;;;;;;;;;
ABB;1SDA100490R1;ABB - Interruptor caja moldeada 400A 3P Serie XT5H;;;;;407.54;611.31;713.19;815.08;;;;;;;;;;;;;
ABB;1SAM250000R1013;ABB - Guardamotor de 16..20A serie MS116-20;;;;;33.20;49.80;58.10;66.40;;;;;;;;;;;;;
ABB;1SDA068376R1;ABB - Interruptor caja moldeada 200A 3P Serie XT4L;;;;;357.53;536.29;625.67;715.06;;;;;;;;;;;;;
ABB;1SDA100488R1;ABB - Interruptor caja moldeada 250A 3P Serie XT5H;;;;;407.54;611.31;713.19;815.08;;;;;;;;;;;;;
ABB;1SBL237001R1311;ABB - Contactor 26A 440V Bobina 100-250V 1NO/NC Serie AF26-30;;;;;37.57;56.35;65.74;75.14;;;;;;;;;;;;;
ABB;1SDA055021R1;ABB - Kit de terminales 1x240mm2 Serie T5;;;;;47.89;71.83;83.80;95.78;;;;;;;;;;;;;
ABB;1SDA067454R1;ABB - Interruptor caja moldeada 160A 3P Serie XT1H;;;;;185.41;278.11;324.46;370.82;;;;;;;;;;;;;
ABB;1SDA067195R1;ABB - Kit de terminales 1x120..240mm2 Serie XT4;;;;;38.35;57.52;67.11;76.70;;;;;;;;;;;;;
ABB;1SDA100491R1;ABB - Interruptor caja moldeada 630A 3P Serie XT5H;;;;;643.19;964.79;1125.58;1286.38;;;;;;;;;;;;;
ABB;1SDA067452R1;ABB - Interruptor caja moldeada 100A 3P Serie XT1H;;;;;109.86;164.79;192.25;245.72;;;;;;;;;;;;;
ABB;1SDA100486R1;ABB - Interruptor caja moldeada 500A 3P Serie XT5H;;;;;634.10;951.15;1109.67;1268.20;;;;;;;;;;;;;
ABB;1SDA067449R1;ABB - Interruptor caja moldeada 50A 3P Serie XT1H;;;;;103.99;155.98;181.98;207.98;;;;;;;;;;;;;
ABB;1SDA080839R1;ABB - Interruptor caja moldeada 40A 3P Serie XT1H;;;;;103.99;155.98;181.98;207.98;;;;;;;;;;;;;
ABB;1SDA080836R1;ABB - Interruptor caja moldeada 20A 3P Serie XT1H;;;;;102.19;153.28;178.83;204.38;;;;;;;;;;;;;
ABB;1SDA080838R1;ABB - Interruptor caja moldeada 32A 3P Serie XT1H;;;;;103.99;155.98;181.98;207.98;;;;;;;;;;;;;
ABB;1SDA100957R1;ABB - Interruptor caja moldeada 1600A 3P Serie XT7L;;;;;2389.56;3579.84;4181.73;4779.12;;;;;;;;;;;;;
ABB;1SDA100955R1;ABB - Interruptor caja moldeada 1000A 3P Serie XT7L;;;;;2026.82;3040.23;3546.93;4053.64;;;;;;;;;;;;;
ABB;1SDA071143R1;ABB - Interruptor caja moldeada 3200A 3P Serie E4.2N LSIG;;;;;4810.52;7215.78;8418.41;9621.04;;;;;;;;;;;;;
ABB;1SCA112709R1001;ABB - OTM 2000A 240V 3P motorizado;;;;;4018.00;;;8036.00;;;;;;;;;;;;;
